<mesh>
    <submeshes>
        <submesh material="display_screen" usesharedvertices="false" use32bitindexes="false" operationtype="triangle_list">
            <faces count="332">
                <face v1="0" v2="1" v3="2"/>
                <face v1="2" v2="1" v3="3"/>
                <face v1="4" v2="5" v3="6"/>
                <face v1="6" v2="5" v3="7"/>
                <face v1="8" v2="9" v3="10"/>
                <face v1="10" v2="9" v3="2"/>
                <face v1="11" v2="12" v3="13"/>
                <face v1="13" v2="12" v3="14"/>
                <face v1="15" v2="16" v3="17"/>
                <face v1="17" v2="16" v3="18"/>
                <face v1="19" v2="4" v3="20"/>
                <face v1="20" v2="4" v3="21"/>
                <face v1="22" v2="11" v3="13"/>
                <face v1="16" v2="23" v3="18"/>
                <face v1="24" v2="25" v3="26"/>
                <face v1="26" v2="25" v3="27"/>
                <face v1="28" v2="29" v3="14"/>
                <face v1="14" v2="29" v3="30"/>
                <face v1="31" v2="32" v3="30"/>
                <face v1="30" v2="32" v3="17"/>
                <face v1="12" v2="28" v3="14"/>
                <face v1="32" v2="15" v3="17"/>
                <face v1="19" v2="20" v3="33"/>
                <face v1="33" v2="20" v3="23"/>
                <face v1="29" v2="31" v3="30"/>
                <face v1="34" v2="22" v3="10"/>
                <face v1="10" v2="22" v3="8"/>
                <face v1="35" v2="10" v3="3"/>
                <face v1="3" v2="10" v3="2"/>
                <face v1="5" v2="4" v3="36"/>
                <face v1="36" v2="4" v3="19"/>
                <face v1="10" v2="35" v3="34"/>
                <face v1="34" v2="35" v3="37"/>
                <face v1="33" v2="38" v3="19"/>
                <face v1="19" v2="38" v3="36"/>
                <face v1="11" v2="22" v3="39"/>
                <face v1="39" v2="22" v3="34"/>
                <face v1="40" v2="33" v3="16"/>
                <face v1="16" v2="33" v3="23"/>
                <face v1="40" v2="16" v3="41"/>
                <face v1="41" v2="16" v3="15"/>
                <face v1="42" v2="12" v3="39"/>
                <face v1="39" v2="12" v3="11"/>
                <face v1="28" v2="12" v3="43"/>
                <face v1="43" v2="12" v3="42"/>
                <face v1="39" v2="44" v3="42"/>
                <face v1="42" v2="44" v3="45"/>
                <face v1="15" v2="32" v3="41"/>
                <face v1="41" v2="32" v3="46"/>
                <face v1="41" v2="47" v3="40"/>
                <face v1="40" v2="47" v3="48"/>
                <face v1="46" v2="32" v3="49"/>
                <face v1="49" v2="32" v3="31"/>
                <face v1="50" v2="29" v3="43"/>
                <face v1="43" v2="29" v3="28"/>
                <face v1="31" v2="29" v3="49"/>
                <face v1="49" v2="29" v3="50"/>
                <face v1="43" v2="51" v3="50"/>
                <face v1="50" v2="51" v3="52"/>
                <face v1="49" v2="53" v3="46"/>
                <face v1="46" v2="53" v3="54"/>
                <face v1="44" v2="39" v3="37"/>
                <face v1="37" v2="39" v3="34"/>
                <face v1="38" v2="33" v3="48"/>
                <face v1="48" v2="33" v3="40"/>
                <face v1="51" v2="43" v3="45"/>
                <face v1="45" v2="43" v3="42"/>
                <face v1="47" v2="41" v3="54"/>
                <face v1="54" v2="41" v3="46"/>
                <face v1="53" v2="49" v3="52"/>
                <face v1="52" v2="49" v3="50"/>
                <face v1="55" v2="56" v3="57"/>
                <face v1="57" v2="56" v3="58"/>
                <face v1="57" v2="58" v3="59"/>
                <face v1="59" v2="58" v3="60"/>
                <face v1="61" v2="62" v3="63"/>
                <face v1="63" v2="62" v3="64"/>
                <face v1="62" v2="65" v3="64"/>
                <face v1="64" v2="65" v3="66"/>
                <face v1="67" v2="68" v3="61"/>
                <face v1="61" v2="68" v3="62"/>
                <face v1="68" v2="69" v3="62"/>
                <face v1="62" v2="69" v3="65"/>
                <face v1="70" v2="71" v3="67"/>
                <face v1="67" v2="71" v3="68"/>
                <face v1="71" v2="72" v3="68"/>
                <face v1="68" v2="72" v3="69"/>
                <face v1="73" v2="74" v3="75"/>
                <face v1="75" v2="74" v3="76"/>
                <face v1="74" v2="77" v3="76"/>
                <face v1="76" v2="77" v3="78"/>
                <face v1="79" v2="80" v3="81"/>
                <face v1="81" v2="80" v3="82"/>
                <face v1="83" v2="84" v3="85"/>
                <face v1="85" v2="84" v3="86"/>
                <face v1="55" v2="57" v3="87"/>
                <face v1="87" v2="57" v3="88"/>
                <face v1="89" v2="90" v3="59"/>
                <face v1="88" v2="57" v3="91"/>
                <face v1="90" v2="92" v3="59"/>
                <face v1="91" v2="57" v3="93"/>
                <face v1="92" v2="94" v3="59"/>
                <face v1="93" v2="57" v3="95"/>
                <face v1="94" v2="96" v3="59"/>
                <face v1="95" v2="57" v3="97"/>
                <face v1="96" v2="98" v3="59"/>
                <face v1="97" v2="57" v3="99"/>
                <face v1="98" v2="100" v3="59"/>
                <face v1="99" v2="57" v3="101"/>
                <face v1="100" v2="102" v3="59"/>
                <face v1="101" v2="57" v3="103"/>
                <face v1="57" v2="59" v3="103"/>
                <face v1="103" v2="59" v3="104"/>
                <face v1="104" v2="59" v3="105"/>
                <face v1="105" v2="59" v3="106"/>
                <face v1="106" v2="59" v3="107"/>
                <face v1="59" v2="102" v3="107"/>
                <face v1="21" v2="4" v3="108"/>
                <face v1="108" v2="4" v3="6"/>
                <face v1="2" v2="9" v3="0"/>
                <face v1="0" v2="9" v3="109"/>
                <face v1="20" v2="21" v3="110"/>
                <face v1="9" v2="8" v3="111"/>
                <face v1="112" v2="0" v3="113"/>
                <face v1="113" v2="0" v3="109"/>
                <face v1="23" v2="20" v3="18"/>
                <face v1="18" v2="20" v3="110"/>
                <face v1="8" v2="22" v3="111"/>
                <face v1="111" v2="22" v3="13"/>
                <face v1="114" v2="108" v3="115"/>
                <face v1="115" v2="108" v3="6"/>
                <face v1="116" v2="115" v3="7"/>
                <face v1="7" v2="115" v3="6"/>
                <face v1="1" v2="0" v3="117"/>
                <face v1="117" v2="0" v3="112"/>
                <face v1="108" v2="114" v3="118"/>
                <face v1="113" v2="109" v3="119"/>
                <face v1="115" v2="116" v3="120"/>
                <face v1="120" v2="116" v3="121"/>
                <face v1="122" v2="123" v3="112"/>
                <face v1="112" v2="123" v3="117"/>
                <face v1="114" v2="115" v3="124"/>
                <face v1="124" v2="115" v3="120"/>
                <face v1="112" v2="113" v3="122"/>
                <face v1="122" v2="113" v3="125"/>
                <face v1="21" v2="108" v3="110"/>
                <face v1="110" v2="108" v3="118"/>
                <face v1="109" v2="9" v3="119"/>
                <face v1="119" v2="9" v3="111"/>
                <face v1="126" v2="122" v3="127"/>
                <face v1="127" v2="122" v3="125"/>
                <face v1="128" v2="124" v3="129"/>
                <face v1="129" v2="124" v3="120"/>
                <face v1="124" v2="128" v3="130"/>
                <face v1="127" v2="125" v3="131"/>
                <face v1="129" v2="132" v3="133"/>
                <face v1="133" v2="132" v3="134"/>
                <face v1="128" v2="129" v3="135"/>
                <face v1="135" v2="129" v3="133"/>
                <face v1="136" v2="137" v3="126"/>
                <face v1="126" v2="137" v3="138"/>
                <face v1="126" v2="127" v3="136"/>
                <face v1="136" v2="127" v3="139"/>
                <face v1="114" v2="124" v3="118"/>
                <face v1="118" v2="124" v3="130"/>
                <face v1="125" v2="113" v3="131"/>
                <face v1="131" v2="113" v3="119"/>
                <face v1="140" v2="139" v3="141"/>
                <face v1="135" v2="142" v3="143"/>
                <face v1="144" v2="136" v3="140"/>
                <face v1="140" v2="136" v3="139"/>
                <face v1="142" v2="135" v3="145"/>
                <face v1="145" v2="135" v3="133"/>
                <face v1="132" v2="129" v3="121"/>
                <face v1="121" v2="129" v3="120"/>
                <face v1="123" v2="122" v3="138"/>
                <face v1="138" v2="122" v3="126"/>
                <face v1="145" v2="146" v3="147"/>
                <face v1="147" v2="146" v3="148"/>
                <face v1="149" v2="150" v3="151"/>
                <face v1="152" v2="153" v3="154"/>
                <face v1="142" v2="145" v3="152"/>
                <face v1="152" v2="145" v3="147"/>
                <face v1="144" v2="140" v3="155"/>
                <face v1="155" v2="140" v3="150"/>
                <face v1="155" v2="156" v3="144"/>
                <face v1="144" v2="156" v3="157"/>
                <face v1="153" v2="152" v3="158"/>
                <face v1="158" v2="152" v3="147"/>
                <face v1="159" v2="155" v3="149"/>
                <face v1="149" v2="155" v3="150"/>
                <face v1="139" v2="127" v3="141"/>
                <face v1="141" v2="127" v3="131"/>
                <face v1="128" v2="135" v3="130"/>
                <face v1="130" v2="135" v3="143"/>
                <face v1="160" v2="161" v3="162"/>
                <face v1="163" v2="164" v3="165"/>
                <face v1="158" v2="166" v3="167"/>
                <face v1="167" v2="166" v3="168"/>
                <face v1="159" v2="149" v3="169"/>
                <face v1="169" v2="149" v3="161"/>
                <face v1="153" v2="158" v3="163"/>
                <face v1="163" v2="158" v3="167"/>
                <face v1="170" v2="171" v3="172"/>
                <face v1="173" v2="174" v3="175"/>
                <face v1="169" v2="176" v3="159"/>
                <face v1="159" v2="176" v3="177"/>
                <face v1="178" v2="179" v3="180"/>
                <face v1="164" v2="163" v3="181"/>
                <face v1="181" v2="163" v3="167"/>
                <face v1="182" v2="169" v3="160"/>
                <face v1="160" v2="169" v3="161"/>
                <face v1="181" v2="183" v3="184"/>
                <face v1="184" v2="183" v3="185"/>
                <face v1="142" v2="152" v3="143"/>
                <face v1="143" v2="152" v3="154"/>
                <face v1="150" v2="140" v3="151"/>
                <face v1="151" v2="140" v3="141"/>
                <face v1="182" v2="160" v3="186"/>
                <face v1="186" v2="160" v3="171"/>
                <face v1="146" v2="145" v3="134"/>
                <face v1="134" v2="145" v3="133"/>
                <face v1="137" v2="136" v3="157"/>
                <face v1="157" v2="136" v3="144"/>
                <face v1="164" v2="181" v3="173"/>
                <face v1="173" v2="181" v3="184"/>
                <face v1="186" v2="187" v3="182"/>
                <face v1="182" v2="187" v3="188"/>
                <face v1="174" v2="173" v3="189"/>
                <face v1="189" v2="173" v3="184"/>
                <face v1="190" v2="186" v3="170"/>
                <face v1="170" v2="186" v3="171"/>
                <face v1="189" v2="191" v3="192"/>
                <face v1="192" v2="191" v3="193"/>
                <face v1="190" v2="170" v3="194"/>
                <face v1="194" v2="170" v3="179"/>
                <face v1="194" v2="195" v3="190"/>
                <face v1="190" v2="195" v3="196"/>
                <face v1="192" v2="178" v3="189"/>
                <face v1="189" v2="178" v3="174"/>
                <face v1="179" v2="178" v3="194"/>
                <face v1="194" v2="178" v3="192"/>
                <face v1="161" v2="149" v3="162"/>
                <face v1="162" v2="149" v3="151"/>
                <face v1="153" v2="163" v3="154"/>
                <face v1="154" v2="163" v3="165"/>
                <face v1="171" v2="160" v3="172"/>
                <face v1="172" v2="160" v3="162"/>
                <face v1="164" v2="173" v3="165"/>
                <face v1="165" v2="173" v3="175"/>
                <face v1="166" v2="158" v3="148"/>
                <face v1="148" v2="158" v3="147"/>
                <face v1="156" v2="155" v3="177"/>
                <face v1="177" v2="155" v3="159"/>
                <face v1="179" v2="170" v3="180"/>
                <face v1="180" v2="170" v3="172"/>
                <face v1="174" v2="178" v3="175"/>
                <face v1="175" v2="178" v3="180"/>
                <face v1="183" v2="181" v3="168"/>
                <face v1="168" v2="181" v3="167"/>
                <face v1="176" v2="169" v3="188"/>
                <face v1="188" v2="169" v3="182"/>
                <face v1="191" v2="189" v3="185"/>
                <face v1="185" v2="189" v3="184"/>
                <face v1="187" v2="186" v3="196"/>
                <face v1="196" v2="186" v3="190"/>
                <face v1="195" v2="194" v3="193"/>
                <face v1="193" v2="194" v3="192"/>
                <face v1="56" v2="55" v3="197"/>
                <face v1="197" v2="55" v3="198"/>
                <face v1="59" v2="60" v3="198"/>
                <face v1="198" v2="60" v3="197"/>
                <face v1="65" v2="199" v3="66"/>
                <face v1="66" v2="199" v3="200"/>
                <face v1="199" v2="61" v3="200"/>
                <face v1="200" v2="61" v3="63"/>
                <face v1="201" v2="67" v3="199"/>
                <face v1="199" v2="67" v3="61"/>
                <face v1="69" v2="201" v3="65"/>
                <face v1="65" v2="201" v3="199"/>
                <face v1="72" v2="202" v3="69"/>
                <face v1="69" v2="202" v3="201"/>
                <face v1="202" v2="70" v3="201"/>
                <face v1="201" v2="70" v3="67"/>
                <face v1="203" v2="73" v3="204"/>
                <face v1="204" v2="73" v3="75"/>
                <face v1="77" v2="203" v3="78"/>
                <face v1="78" v2="203" v3="204"/>
                <face v1="205" v2="206" v3="207"/>
                <face v1="207" v2="206" v3="208"/>
                <face v1="209" v2="210" v3="211"/>
                <face v1="211" v2="210" v3="212"/>
                <face v1="110" v2="118" v3="18"/>
                <face v1="118" v2="130" v3="18"/>
                <face v1="130" v2="143" v3="18"/>
                <face v1="143" v2="154" v3="18"/>
                <face v1="154" v2="165" v3="18"/>
                <face v1="165" v2="175" v3="18"/>
                <face v1="175" v2="180" v3="18"/>
                <face v1="180" v2="172" v3="18"/>
                <face v1="172" v2="162" v3="18"/>
                <face v1="162" v2="151" v3="18"/>
                <face v1="151" v2="141" v3="18"/>
                <face v1="141" v2="131" v3="18"/>
                <face v1="131" v2="119" v3="18"/>
                <face v1="119" v2="111" v3="18"/>
                <face v1="111" v2="13" v3="18"/>
                <face v1="13" v2="14" v3="18"/>
                <face v1="14" v2="30" v3="18"/>
                <face v1="30" v2="17" v3="18"/>
                <face v1="59" v2="198" v3="89"/>
                <face v1="89" v2="198" v3="213"/>
                <face v1="87" v2="214" v3="55"/>
                <face v1="213" v2="198" v3="215"/>
                <face v1="214" v2="216" v3="55"/>
                <face v1="215" v2="198" v3="217"/>
                <face v1="216" v2="218" v3="55"/>
                <face v1="217" v2="198" v3="219"/>
                <face v1="218" v2="220" v3="55"/>
                <face v1="219" v2="198" v3="221"/>
                <face v1="220" v2="222" v3="55"/>
                <face v1="221" v2="198" v3="223"/>
                <face v1="222" v2="224" v3="55"/>
                <face v1="223" v2="198" v3="225"/>
                <face v1="224" v2="226" v3="55"/>
                <face v1="225" v2="198" v3="227"/>
                <face v1="55" v2="226" v3="198"/>
                <face v1="226" v2="228" v3="198"/>
                <face v1="228" v2="229" v3="198"/>
                <face v1="229" v2="230" v3="198"/>
                <face v1="230" v2="231" v3="198"/>
                <face v1="231" v2="227" v3="198"/>
            </faces>

            <geometry vertexcount="232">
                <vertexbuffer positions="true" normals="true" texture_coord_dimensions_0="float2" tangents="false" binormals="false" texture_coords="1">
            <vertex>
                <position x="-0.077474" y="0.213862" z="-0.144724"/>
                <normal x="-0.353313" y="0.855251" z="-0.379009"/>
                <texcoord u="0.676440" v="0.546931"/>
            </vertex>
            <vertex>
                <position x="-0.077468" y="0.213866" z="-0.139504"/>
                <normal x="-0.263436" y="0.636036" z="-0.725272"/>
                <texcoord u="0.676440" v="0.546931"/>
            </vertex>
            <vertex>
                <position x="-0.063035" y="0.218555" z="-0.144736"/>
                <normal x="-0.217139" y="0.899411" z="-0.379284"/>
                <texcoord u="0.690150" v="0.542476"/>
            </vertex>
            <vertex>
                <position x="-0.063027" y="0.218557" z="-0.139504"/>
                <normal x="-0.160649" y="0.669515" z="-0.725181"/>
                <texcoord u="0.690150" v="0.542476"/>
            </vertex>
            <vertex>
                <position x="0.218557" y="-0.063027" z="-0.144724"/>
                <normal x="0.899625" y="-0.216865" z="-0.378979"/>
                <texcoord u="0.957524" v="0.809849"/>
            </vertex>
            <vertex>
                <position x="0.218556" y="-0.063035" z="-0.139504"/>
                <normal x="0.669424" y="-0.160741" z="-0.725242"/>
                <texcoord u="0.957524" v="0.809849"/>
            </vertex>
            <vertex>
                <position x="0.213866" y="-0.077468" z="-0.144736"/>
                <normal x="0.855281" y="-0.353008" z="-0.379254"/>
                <texcoord u="0.953070" v="0.823561"/>
            </vertex>
            <vertex>
                <position x="0.213863" y="-0.077474" z="-0.139504"/>
                <normal x="0.636128" y="-0.263558" z="-0.725150"/>
                <texcoord u="0.953070" v="0.823561"/>
            </vertex>
            <vertex>
                <position x="-0.007618" y="0.216424" z="-0.155466"/>
                <normal x="-0.032228" y="0.394543" z="-0.918271"/>
                <texcoord u="0.742766" v="0.544500"/>
            </vertex>
            <vertex>
                <position x="-0.059633" y="0.208186" z="-0.155466"/>
                <normal x="-0.091250" y="0.385022" z="-0.918363"/>
                <texcoord u="0.693377" v="0.552323"/>
            </vertex>
            <vertex>
                <position x="-0.007595" y="0.227336" z="-0.144724"/>
                <normal x="-0.071688" y="0.922636" z="-0.378918"/>
                <texcoord u="0.742791" v="0.534139"/>
            </vertex>
            <vertex>
                <position x="0.059633" y="0.208186" z="-0.155466"/>
                <normal x="0.091250" y="0.385205" z="-0.918271"/>
                <texcoord u="0.806623" v="0.552323"/>
            </vertex>
            <vertex>
                <position x="0.074124" y="0.203477" z="-0.155466"/>
                <normal x="0.152470" y="0.365093" z="-0.918363"/>
                <texcoord u="0.820383" v="0.556794"/>
            </vertex>
            <vertex>
                <position x="0.007603" y="0.048005" z="-0.155466"/>
                <normal x="0.000000" y="0.000000" z="-1.000000"/>
                <texcoord u="0.757219" v="0.704419"/>
            </vertex>
            <vertex>
                <position x="0.022065" y="0.043306" z="-0.155466"/>
                <normal x="0.000000" y="0.000000" z="-0.999969"/>
                <texcoord u="0.770952" v="0.708881"/>
            </vertex>
            <vertex>
                <position x="0.203477" y="0.074124" z="-0.155466"/>
                <normal x="0.365276" y="0.152593" z="-0.918302"/>
                <texcoord u="0.943206" v="0.679617"/>
            </vertex>
            <vertex>
                <position x="0.208186" y="0.059633" z="-0.155466"/>
                <normal x="0.385022" y="0.091250" z="-0.918363"/>
                <texcoord u="0.947677" v="0.693377"/>
            </vertex>
            <vertex>
                <position x="0.043306" y="0.022065" z="-0.155466"/>
                <normal x="0.000000" y="0.000000" z="-1.000000"/>
                <texcoord u="0.791120" v="0.729048"/>
            </vertex>
            <vertex>
                <position x="0.048005" y="0.007603" z="-0.155466"/>
                <normal x="0.000000" y="0.000000" z="-1.000000"/>
                <texcoord u="0.795582" v="0.742781"/>
            </vertex>
            <vertex>
                <position x="0.227337" y="-0.007588" z="-0.144736"/>
                <normal x="0.922513" y="-0.071413" z="-0.379254"/>
                <texcoord u="0.965861" v="0.757208"/>
            </vertex>
            <vertex>
                <position x="0.216424" y="-0.007618" z="-0.155466"/>
                <normal x="0.394360" y="-0.032197" z="-0.918363"/>
                <texcoord u="0.955500" v="0.757234"/>
            </vertex>
            <vertex>
                <position x="0.208186" y="-0.059633" z="-0.155466"/>
                <normal x="0.385205" y="-0.091250" z="-0.918271"/>
                <texcoord u="0.947677" v="0.806623"/>
            </vertex>
            <vertex>
                <position x="0.007618" y="0.216424" z="-0.155466"/>
                <normal x="0.032197" y="0.394360" z="-0.918363"/>
                <texcoord u="0.757234" v="0.544500"/>
            </vertex>
            <vertex>
                <position x="0.216424" y="0.007618" z="-0.155466"/>
                <normal x="0.394543" y="0.032228" z="-0.918271"/>
                <texcoord u="0.955500" v="0.742766"/>
            </vertex>
            <vertex>
                <position x="-1.000280" y="-1.000280" z="0.021363"/>
                <normal x="-0.577349" y="-0.577349" z="0.577349"/>
                <texcoord u="0.000000" v="1.000000"/>
            </vertex>
            <vertex>
                <position x="1.000280" y="-1.000280" z="0.021363"/>
                <normal x="0.577349" y="-0.577349" z="0.577349"/>
                <texcoord u="0.500000" v="1.000000"/>
            </vertex>
            <vertex>
                <position x="-1.000280" y="1.000280" z="0.021363"/>
                <normal x="-0.577349" y="0.577349" z="0.577349"/>
                <texcoord u="0.000128" v="0.500000"/>
            </vertex>
            <vertex>
                <position x="1.000280" y="1.000280" z="0.021363"/>
                <normal x="0.577349" y="0.577349" z="0.577349"/>
                <texcoord u="0.499918" v="0.499919"/>
            </vertex>
            <vertex>
                <position x="0.121047" y="0.179569" z="-0.155466"/>
                <normal x="0.205817" y="0.338145" z="-0.918271"/>
                <texcoord u="0.864937" v="0.579495"/>
            </vertex>
            <vertex>
                <position x="0.133374" y="0.170613" z="-0.155466"/>
                <normal x="0.257851" y="0.300119" z="-0.918363"/>
                <texcoord u="0.876642" v="0.587999"/>
            </vertex>
            <vertex>
                <position x="0.034367" y="0.034367" z="-0.155466"/>
                <normal x="0.000000" y="0.000000" z="-1.000000"/>
                <texcoord u="0.782633" v="0.717368"/>
            </vertex>
            <vertex>
                <position x="0.170613" y="0.133374" z="-0.155466"/>
                <normal x="0.300241" y="0.258003" z="-0.918271"/>
                <texcoord u="0.912001" v="0.623358"/>
            </vertex>
            <vertex>
                <position x="0.179569" y="0.121047" z="-0.155466"/>
                <normal x="0.337962" y="0.205756" z="-0.918363"/>
                <texcoord u="0.920505" v="0.635063"/>
            </vertex>
            <vertex>
                <position x="0.227336" y="0.007595" z="-0.144724"/>
                <normal x="0.922636" y="0.071688" z="-0.378918"/>
                <texcoord u="0.965861" v="0.742792"/>
            </vertex>
            <vertex>
                <position x="0.007588" y="0.227337" z="-0.144736"/>
                <normal x="0.071413" y="0.922513" z="-0.379254"/>
                <texcoord u="0.757209" v="0.534139"/>
            </vertex>
            <vertex>
                <position x="-0.007588" y="0.227337" z="-0.139504"/>
                <normal x="-0.053957" y="0.686392" z="-0.725211"/>
                <texcoord u="0.742791" v="0.534139"/>
            </vertex>
            <vertex>
                <position x="0.227336" y="-0.007595" z="-0.139504"/>
                <normal x="0.686422" y="-0.054079" z="-0.725150"/>
                <texcoord u="0.965861" v="0.757208"/>
            </vertex>
            <vertex>
                <position x="0.007595" y="0.227336" z="-0.139504"/>
                <normal x="0.054079" y="0.686422" z="-0.725150"/>
                <texcoord u="0.757209" v="0.534139"/>
            </vertex>
            <vertex>
                <position x="0.227337" y="0.007588" z="-0.139504"/>
                <normal x="0.686392" y="0.053957" z="-0.725211"/>
                <texcoord u="0.965861" v="0.742792"/>
            </vertex>
            <vertex>
                <position x="0.063027" y="0.218557" z="-0.144724"/>
                <normal x="0.216895" y="0.899655" z="-0.378887"/>
                <texcoord u="0.809849" v="0.542476"/>
            </vertex>
            <vertex>
                <position x="0.218555" y="0.063035" z="-0.144736"/>
                <normal x="0.899411" y="0.217139" z="-0.379284"/>
                <texcoord u="0.957524" v="0.690150"/>
            </vertex>
            <vertex>
                <position x="0.213862" y="0.077474" z="-0.144724"/>
                <normal x="0.855251" y="0.353313" z="-0.379009"/>
                <texcoord u="0.953069" v="0.676440"/>
            </vertex>
            <vertex>
                <position x="0.077468" y="0.213866" z="-0.144736"/>
                <normal x="0.353008" y="0.855312" z="-0.379192"/>
                <texcoord u="0.823560" v="0.546931"/>
            </vertex>
            <vertex>
                <position x="0.127480" y="0.188383" z="-0.144724"/>
                <normal x="0.484268" y="0.788568" z="-0.378948"/>
                <texcoord u="0.871049" v="0.571127"/>
            </vertex>
            <vertex>
                <position x="0.063035" y="0.218555" z="-0.139504"/>
                <normal x="0.160772" y="0.669515" z="-0.725181"/>
                <texcoord u="0.809849" v="0.542476"/>
            </vertex>
            <vertex>
                <position x="0.077474" y="0.213862" z="-0.139504"/>
                <normal x="0.263588" y="0.636189" z="-0.725089"/>
                <texcoord u="0.823560" v="0.546931"/>
            </vertex>
            <vertex>
                <position x="0.188380" y="0.127487" z="-0.144736"/>
                <normal x="0.788324" y="0.484451" z="-0.379192"/>
                <texcoord u="0.928873" v="0.628951"/>
            </vertex>
            <vertex>
                <position x="0.213866" y="0.077468" z="-0.139504"/>
                <normal x="0.636036" y="0.263436" z="-0.725272"/>
                <texcoord u="0.953069" v="0.676440"/>
            </vertex>
            <vertex>
                <position x="0.218557" y="0.063027" z="-0.139504"/>
                <normal x="0.669515" y="0.160649" z="-0.725181"/>
                <texcoord u="0.957524" v="0.690150"/>
            </vertex>
            <vertex>
                <position x="0.179454" y="0.139770" z="-0.144724"/>
                <normal x="0.704245" y="0.600330" z="-0.378948"/>
                <texcoord u="0.920398" v="0.617288"/>
            </vertex>
            <vertex>
                <position x="0.139764" y="0.179460" z="-0.144736"/>
                <normal x="0.599994" y="0.704367" z="-0.379223"/>
                <texcoord u="0.882712" v="0.579601"/>
            </vertex>
            <vertex>
                <position x="0.127486" y="0.188380" z="-0.139504"/>
                <normal x="0.359752" y="0.587024" z="-0.725211"/>
                <texcoord u="0.871049" v="0.571127"/>
            </vertex>
            <vertex>
                <position x="0.139770" y="0.179454" z="-0.139504"/>
                <normal x="0.447249" y="0.523545" z="-0.725120"/>
                <texcoord u="0.882712" v="0.579601"/>
            </vertex>
            <vertex>
                <position x="0.179459" y="0.139765" z="-0.139504"/>
                <normal x="0.523545" y="0.447127" z="-0.725211"/>
                <texcoord u="0.920398" v="0.617288"/>
            </vertex>
            <vertex>
                <position x="0.188383" y="0.127480" z="-0.139504"/>
                <normal x="0.587176" y="0.359722" z="-0.725089"/>
                <texcoord u="0.928873" v="0.628951"/>
            </vertex>
            <vertex>
                <position x="-0.446961" y="0.446961" z="-0.139504"/>
                <normal x="-0.104892" y="0.104892" z="-0.988922"/>
                <texcoord u="0.528664" v="0.028664"/>
            </vertex>
            <vertex>
                <position x="-0.504845" y="0.504845" z="-0.122928"/>
                <normal x="-0.247017" y="0.247017" z="-0.936979"/>
                <texcoord u="0.500000" v="0.000128"/>
            </vertex>
            <vertex>
                <position x="0.446961" y="0.446961" z="-0.139504"/>
                <normal x="0.104892" y="0.104892" z="-0.988922"/>
                <texcoord u="0.971336" v="0.028664"/>
            </vertex>
            <vertex>
                <position x="0.504845" y="0.504845" z="-0.122928"/>
                <normal x="0.247017" y="0.247017" z="-0.936979"/>
                <texcoord u="1.000000" v="0.000000"/>
            </vertex>
            <vertex>
                <position x="0.446961" y="-0.446961" z="-0.139504"/>
                <normal x="0.104892" y="-0.104892" z="-0.988922"/>
                <texcoord u="0.971336" v="0.471336"/>
            </vertex>
            <vertex>
                <position x="0.504845" y="-0.504845" z="-0.122928"/>
                <normal x="0.247017" y="-0.247017" z="-0.936979"/>
                <texcoord u="1.000000" v="0.500000"/>
            </vertex>
            <vertex>
                <position x="-0.531418" y="0.531418" z="-0.106348"/>
                <normal x="0.516251" y="-0.516251" z="-0.683340"/>
                <texcoord u="0.519791" v="0.519792"/>
            </vertex>
            <vertex>
                <position x="0.531418" y="0.531418" z="-0.106348"/>
                <normal x="-0.516251" y="-0.516251" z="-0.683340"/>
                <texcoord u="0.980209" v="0.519792"/>
            </vertex>
            <vertex>
                <position x="-0.504845" y="0.504845" z="-0.122928"/>
                <normal x="-0.247017" y="0.247017" z="-0.936979"/>
                <texcoord u="0.531304" v="0.531303"/>
            </vertex>
            <vertex>
                <position x="0.504845" y="0.504845" z="-0.122928"/>
                <normal x="0.247017" y="0.247017" z="-0.936979"/>
                <texcoord u="0.968696" v="0.531303"/>
            </vertex>
            <vertex>
                <position x="0.531418" y="-0.531418" z="-0.106348"/>
                <normal x="-0.516251" y="0.516251" z="-0.683340"/>
                <texcoord u="0.980209" v="0.980208"/>
            </vertex>
            <vertex>
                <position x="0.504845" y="-0.504845" z="-0.122928"/>
                <normal x="0.247017" y="-0.247017" z="-0.936979"/>
                <texcoord u="0.968696" v="0.968697"/>
            </vertex>
            <vertex>
                <position x="-0.531418" y="0.531418" z="-0.137569"/>
                <normal x="0.301492" y="-0.301492" z="-0.904508"/>
                <texcoord u="0.519791" v="0.519792"/>
            </vertex>
            <vertex>
                <position x="0.531418" y="0.531418" z="-0.137569"/>
                <normal x="-0.301492" y="-0.301492" z="-0.904508"/>
                <texcoord u="0.980209" v="0.519792"/>
            </vertex>
            <vertex>
                <position x="0.531418" y="-0.531418" z="-0.137569"/>
                <normal x="-0.301492" y="0.301492" z="-0.904508"/>
                <texcoord u="0.980209" v="0.980208"/>
            </vertex>
            <vertex>
                <position x="-0.577106" y="0.577106" z="-0.137569"/>
                <normal x="-0.100772" y="0.100772" z="-0.989776"/>
                <texcoord u="0.499918" v="0.499919"/>
            </vertex>
            <vertex>
                <position x="0.577106" y="0.577106" z="-0.137569"/>
                <normal x="0.100772" y="0.100772" z="-0.989776"/>
                <texcoord u="1.000000" v="0.500000"/>
            </vertex>
            <vertex>
                <position x="0.577106" y="-0.577106" z="-0.137569"/>
                <normal x="0.100772" y="-0.100772" z="-0.989776"/>
                <texcoord u="1.000000" v="1.000000"/>
            </vertex>
            <vertex>
                <position x="-1.000280" y="1.000280" z="-0.021363"/>
                <normal x="-0.602466" y="0.602466" z="-0.523484"/>
                <texcoord u="0.000000" v="0.000000"/>
            </vertex>
            <vertex>
                <position x="1.000280" y="1.000280" z="-0.021363"/>
                <normal x="0.602466" y="0.602466" z="-0.523484"/>
                <texcoord u="0.000128" v="0.500000"/>
            </vertex>
            <vertex>
                <position x="-0.577106" y="0.577106" z="-0.137569"/>
                <normal x="-0.100772" y="0.100772" z="-0.989776"/>
                <texcoord u="0.107314" v="0.107314"/>
            </vertex>
            <vertex>
                <position x="0.577106" y="0.577106" z="-0.137569"/>
                <normal x="0.100772" y="0.100772" z="-0.989776"/>
                <texcoord u="0.107358" v="0.392833"/>
            </vertex>
            <vertex>
                <position x="1.000280" y="-1.000280" z="-0.021363"/>
                <normal x="0.602466" y="-0.602466" z="-0.523484"/>
                <texcoord u="0.499918" v="0.499919"/>
            </vertex>
            <vertex>
                <position x="0.577106" y="-0.577106" z="-0.137569"/>
                <normal x="0.100772" y="-0.100772" z="-0.989776"/>
                <texcoord u="0.392738" v="0.392739"/>
            </vertex>
            <vertex>
                <position x="1.000280" y="-1.000280" z="0.021363"/>
                <normal x="0.577349" y="-0.577349" z="0.577349"/>
                <texcoord u="0.250000" v="0.116150"/>
            </vertex>
            <vertex>
                <position x="1.000280" y="-1.000280" z="-0.021363"/>
                <normal x="0.602466" y="-0.602466" z="-0.523484"/>
                <texcoord u="0.250000" v="0.107439"/>
            </vertex>
            <vertex>
                <position x="1.000280" y="1.000280" z="0.021363"/>
                <normal x="0.577349" y="0.577349" z="0.577349"/>
                <texcoord u="0.107510" v="0.116150"/>
            </vertex>
            <vertex>
                <position x="1.000280" y="1.000280" z="-0.021363"/>
                <normal x="0.602466" y="0.602466" z="-0.523484"/>
                <texcoord u="0.107519" v="0.107439"/>
            </vertex>
            <vertex>
                <position x="-1.000280" y="1.000280" z="0.021363"/>
                <normal x="-0.577349" y="0.577349" z="0.577349"/>
                <texcoord u="0.107500" v="0.389888"/>
            </vertex>
            <vertex>
                <position x="1.000280" y="1.000280" z="0.021363"/>
                <normal x="0.577349" y="0.577349" z="0.577349"/>
                <texcoord u="0.250000" v="0.389887"/>
            </vertex>
            <vertex>
                <position x="-1.000280" y="1.000280" z="-0.021363"/>
                <normal x="-0.602466" y="0.602466" z="-0.523484"/>
                <texcoord u="0.107510" v="0.381150"/>
            </vertex>
            <vertex>
                <position x="1.000280" y="1.000280" z="-0.021363"/>
                <normal x="0.602466" y="0.602466" z="-0.523484"/>
                <texcoord u="0.250000" v="0.381150"/>
            </vertex>
            <vertex>
                <position x="-0.007588" y="0.227337" z="-0.139504"/>
                <normal x="-0.053957" y="0.686392" z="-0.725211"/>
                <texcoord u="0.746243" v="0.137422"/>
            </vertex>
            <vertex>
                <position x="0.007595" y="0.227336" z="-0.139504"/>
                <normal x="0.054079" y="0.686422" z="-0.725150"/>
                <texcoord u="0.753761" v="0.137423"/>
            </vertex>
            <vertex>
                <position x="0.007588" y="-0.227337" z="-0.139504"/>
                <normal x="0.053987" y="-0.686392" z="-0.725211"/>
                <texcoord u="0.753757" v="0.362578"/>
            </vertex>
            <vertex>
                <position x="0.063027" y="-0.218557" z="-0.139504"/>
                <normal x="0.160649" y="-0.669576" z="-0.725120"/>
                <texcoord u="0.781211" v="0.358230"/>
            </vertex>
            <vertex>
                <position x="0.063035" y="0.218555" z="-0.139504"/>
                <normal x="0.160772" y="0.669515" z="-0.725181"/>
                <texcoord u="0.781214" v="0.141771"/>
            </vertex>
            <vertex>
                <position x="0.077468" y="-0.213866" z="-0.139504"/>
                <normal x="0.263436" y="-0.636036" z="-0.725272"/>
                <texcoord u="0.788363" v="0.355907"/>
            </vertex>
            <vertex>
                <position x="0.077474" y="0.213862" z="-0.139504"/>
                <normal x="0.263588" y="0.636189" z="-0.725089"/>
                <texcoord u="0.788365" v="0.144095"/>
            </vertex>
            <vertex>
                <position x="0.127480" y="-0.188383" z="-0.139504"/>
                <normal x="0.359691" y="-0.587176" z="-0.725089"/>
                <texcoord u="0.813128" v="0.343288"/>
            </vertex>
            <vertex>
                <position x="0.127486" y="0.188380" z="-0.139504"/>
                <normal x="0.359752" y="0.587024" z="-0.725211"/>
                <texcoord u="0.813132" v="0.156714"/>
            </vertex>
            <vertex>
                <position x="0.139765" y="-0.179460" z="-0.139504"/>
                <normal x="0.447066" y="-0.523515" z="-0.725272"/>
                <texcoord u="0.819211" v="0.338869"/>
            </vertex>
            <vertex>
                <position x="0.139770" y="0.179454" z="-0.139504"/>
                <normal x="0.447249" y="0.523545" z="-0.725120"/>
                <texcoord u="0.819214" v="0.161134"/>
            </vertex>
            <vertex>
                <position x="0.179454" y="-0.139770" z="-0.139504"/>
                <normal x="0.523576" y="-0.447279" z="-0.725089"/>
                <texcoord u="0.838866" v="0.319215"/>
            </vertex>
            <vertex>
                <position x="0.179459" y="0.139765" z="-0.139504"/>
                <normal x="0.523545" y="0.447127" z="-0.725211"/>
                <texcoord u="0.838868" v="0.180789"/>
            </vertex>
            <vertex>
                <position x="0.188380" y="-0.127487" z="-0.139504"/>
                <normal x="0.586993" y="-0.359722" z="-0.725242"/>
                <texcoord u="0.843286" v="0.313132"/>
            </vertex>
            <vertex>
                <position x="0.188383" y="0.127480" z="-0.139504"/>
                <normal x="0.587176" y="0.359722" z="-0.725089"/>
                <texcoord u="0.843288" v="0.186872"/>
            </vertex>
            <vertex>
                <position x="0.213863" y="-0.077474" z="-0.139504"/>
                <normal x="0.636128" y="-0.263558" z="-0.725150"/>
                <texcoord u="0.855905" v="0.288365"/>
            </vertex>
            <vertex>
                <position x="0.213866" y="0.077468" z="-0.139504"/>
                <normal x="0.636036" y="0.263436" z="-0.725272"/>
                <texcoord u="0.855906" v="0.211638"/>
            </vertex>
            <vertex>
                <position x="0.218557" y="0.063027" z="-0.139504"/>
                <normal x="0.669515" y="0.160649" z="-0.725181"/>
                <texcoord u="0.858230" v="0.218789"/>
            </vertex>
            <vertex>
                <position x="0.227337" y="0.007588" z="-0.139504"/>
                <normal x="0.686392" y="0.053957" z="-0.725211"/>
                <texcoord u="0.862578" v="0.246243"/>
            </vertex>
            <vertex>
                <position x="0.227336" y="-0.007595" z="-0.139504"/>
                <normal x="0.686422" y="-0.054079" z="-0.725150"/>
                <texcoord u="0.862577" v="0.253761"/>
            </vertex>
            <vertex>
                <position x="0.218556" y="-0.063035" z="-0.139504"/>
                <normal x="0.669424" y="-0.160741" z="-0.725242"/>
                <texcoord u="0.858229" v="0.281215"/>
            </vertex>
            <vertex>
                <position x="0.203477" y="-0.074124" z="-0.155466"/>
                <normal x="0.365093" y="-0.152470" z="-0.918363"/>
                <texcoord u="0.943206" v="0.820383"/>
            </vertex>
            <vertex>
                <position x="-0.074124" y="0.203477" z="-0.155466"/>
                <normal x="-0.152593" y="0.365276" z="-0.918302"/>
                <texcoord u="0.679618" v="0.556794"/>
            </vertex>
            <vertex>
                <position x="0.048005" y="-0.007603" z="-0.155466"/>
                <normal x="0.000000" y="0.000000" z="-0.999969"/>
                <texcoord u="0.795582" v="0.757219"/>
            </vertex>
            <vertex>
                <position x="-0.007603" y="0.048005" z="-0.155466"/>
                <normal x="0.000000" y="0.000000" z="-1.000000"/>
                <texcoord u="0.742781" v="0.704419"/>
            </vertex>
            <vertex>
                <position x="-0.127487" y="0.188380" z="-0.144736"/>
                <normal x="-0.484451" y="0.788324" z="-0.379192"/>
                <texcoord u="0.628951" v="0.571128"/>
            </vertex>
            <vertex>
                <position x="-0.121047" y="0.179569" z="-0.155466"/>
                <normal x="-0.205756" y="0.337962" z="-0.918363"/>
                <texcoord u="0.635063" v="0.579495"/>
            </vertex>
            <vertex>
                <position x="0.179569" y="-0.121047" z="-0.155466"/>
                <normal x="0.338145" y="-0.205817" z="-0.918271"/>
                <texcoord u="0.920505" v="0.864937"/>
            </vertex>
            <vertex>
                <position x="0.188383" y="-0.127480" z="-0.144724"/>
                <normal x="0.788568" y="-0.484237" z="-0.378979"/>
                <texcoord u="0.928873" v="0.871049"/>
            </vertex>
            <vertex>
                <position x="0.188380" y="-0.127487" z="-0.139504"/>
                <normal x="0.586993" y="-0.359722" z="-0.725242"/>
                <texcoord u="0.928873" v="0.871049"/>
            </vertex>
            <vertex>
                <position x="-0.127480" y="0.188383" z="-0.139504"/>
                <normal x="-0.359722" y="0.587176" z="-0.725089"/>
                <texcoord u="0.628951" v="0.571128"/>
            </vertex>
            <vertex>
                <position x="0.043306" y="-0.022065" z="-0.155466"/>
                <normal x="0.000000" y="0.000000" z="-1.000000"/>
                <texcoord u="0.791120" v="0.770952"/>
            </vertex>
            <vertex>
                <position x="-0.022065" y="0.043306" z="-0.155466"/>
                <normal x="0.000000" y="0.000000" z="-1.000000"/>
                <texcoord u="0.729048" v="0.708881"/>
            </vertex>
            <vertex>
                <position x="0.179460" y="-0.139765" z="-0.144736"/>
                <normal x="0.704367" y="-0.600024" z="-0.379192"/>
                <texcoord u="0.920399" v="0.882712"/>
            </vertex>
            <vertex>
                <position x="0.179454" y="-0.139770" z="-0.139504"/>
                <normal x="0.523576" y="-0.447279" z="-0.725089"/>
                <texcoord u="0.920399" v="0.882712"/>
            </vertex>
            <vertex>
                <position x="-0.139770" y="0.179454" z="-0.144724"/>
                <normal x="-0.600330" y="0.704245" z="-0.378948"/>
                <texcoord u="0.617288" v="0.579601"/>
            </vertex>
            <vertex>
                <position x="-0.139765" y="0.179459" z="-0.139504"/>
                <normal x="-0.447127" y="0.523545" z="-0.725211"/>
                <texcoord u="0.617288" v="0.579601"/>
            </vertex>
            <vertex>
                <position x="0.170613" y="-0.133374" z="-0.155466"/>
                <normal x="0.300119" y="-0.257851" z="-0.918363"/>
                <texcoord u="0.912001" v="0.876642"/>
            </vertex>
            <vertex>
                <position x="-0.133374" y="0.170613" z="-0.155466"/>
                <normal x="-0.258003" y="0.300241" z="-0.918271"/>
                <texcoord u="0.623358" v="0.587999"/>
            </vertex>
            <vertex>
                <position x="-0.179460" y="0.139764" z="-0.144736"/>
                <normal x="-0.704367" y="0.599994" z="-0.379254"/>
                <texcoord u="0.579601" v="0.617288"/>
            </vertex>
            <vertex>
                <position x="-0.170613" y="0.133374" z="-0.155466"/>
                <normal x="-0.300119" y="0.257851" z="-0.918363"/>
                <texcoord u="0.587999" v="0.623358"/>
            </vertex>
            <vertex>
                <position x="0.133374" y="-0.170613" z="-0.155466"/>
                <normal x="0.258003" y="-0.300241" z="-0.918271"/>
                <texcoord u="0.876643" v="0.912001"/>
            </vertex>
            <vertex>
                <position x="0.139770" y="-0.179454" z="-0.144724"/>
                <normal x="0.600299" y="-0.704215" z="-0.379009"/>
                <texcoord u="0.882712" v="0.920399"/>
            </vertex>
            <vertex>
                <position x="0.034367" y="-0.034367" z="-0.155466"/>
                <normal x="0.000000" y="0.000000" z="-1.000000"/>
                <texcoord u="0.782633" v="0.782632"/>
            </vertex>
            <vertex>
                <position x="-0.034367" y="0.034367" z="-0.155466"/>
                <normal x="0.000000" y="0.000000" z="-1.000000"/>
                <texcoord u="0.717367" v="0.717368"/>
            </vertex>
            <vertex>
                <position x="0.139765" y="-0.179460" z="-0.139504"/>
                <normal x="0.447066" y="-0.523515" z="-0.725272"/>
                <texcoord u="0.882712" v="0.920399"/>
            </vertex>
            <vertex>
                <position x="0.127487" y="-0.188380" z="-0.144736"/>
                <normal x="0.484451" y="-0.788324" z="-0.379223"/>
                <texcoord u="0.871049" v="0.928873"/>
            </vertex>
            <vertex>
                <position x="0.127480" y="-0.188383" z="-0.139504"/>
                <normal x="0.359691" y="-0.587176" z="-0.725089"/>
                <texcoord u="0.871049" v="0.928873"/>
            </vertex>
            <vertex>
                <position x="0.121047" y="-0.179569" z="-0.155466"/>
                <normal x="0.205756" y="-0.337962" z="-0.918363"/>
                <texcoord u="0.864937" v="0.920505"/>
            </vertex>
            <vertex>
                <position x="-0.188383" y="0.127480" z="-0.144724"/>
                <normal x="-0.788568" y="0.484237" z="-0.378979"/>
                <texcoord u="0.571127" v="0.628951"/>
            </vertex>
            <vertex>
                <position x="-0.188380" y="0.127487" z="-0.139504"/>
                <normal x="-0.586993" y="0.359722" z="-0.725242"/>
                <texcoord u="0.571127" v="0.628951"/>
            </vertex>
            <vertex>
                <position x="-0.179454" y="0.139770" z="-0.139504"/>
                <normal x="-0.523545" y="0.447249" z="-0.725120"/>
                <texcoord u="0.579601" v="0.617288"/>
            </vertex>
            <vertex>
                <position x="-0.179569" y="0.121047" z="-0.155466"/>
                <normal x="-0.338145" y="0.205817" z="-0.918271"/>
                <texcoord u="0.579495" v="0.635063"/>
            </vertex>
            <vertex>
                <position x="-0.203477" y="0.074124" z="-0.155466"/>
                <normal x="-0.365093" y="0.152470" z="-0.918363"/>
                <texcoord u="0.556794" v="0.679617"/>
            </vertex>
            <vertex>
                <position x="-0.043306" y="0.022065" z="-0.155466"/>
                <normal x="0.000000" y="0.000000" z="-0.999969"/>
                <texcoord u="0.708880" v="0.729048"/>
            </vertex>
            <vertex>
                <position x="0.074124" y="-0.203477" z="-0.155466"/>
                <normal x="0.152593" y="-0.365276" z="-0.918302"/>
                <texcoord u="0.820383" v="0.943206"/>
            </vertex>
            <vertex>
                <position x="0.022065" y="-0.043306" z="-0.155466"/>
                <normal x="0.000000" y="0.000000" z="-1.000000"/>
                <texcoord u="0.770952" v="0.791120"/>
            </vertex>
            <vertex>
                <position x="-0.213866" y="0.077468" z="-0.144736"/>
                <normal x="-0.855281" y="0.353008" z="-0.379254"/>
                <texcoord u="0.546931" v="0.676440"/>
            </vertex>
            <vertex>
                <position x="0.077474" y="-0.213862" z="-0.144724"/>
                <normal x="0.353313" y="-0.855251" z="-0.379009"/>
                <texcoord u="0.823560" v="0.953069"/>
            </vertex>
            <vertex>
                <position x="0.077468" y="-0.213866" z="-0.139504"/>
                <normal x="0.263436" y="-0.636036" z="-0.725272"/>
                <texcoord u="0.823560" v="0.953069"/>
            </vertex>
            <vertex>
                <position x="0.063035" y="-0.218556" z="-0.144736"/>
                <normal x="0.217170" y="-0.899441" z="-0.379223"/>
                <texcoord u="0.809850" v="0.957524"/>
            </vertex>
            <vertex>
                <position x="0.063027" y="-0.218557" z="-0.139504"/>
                <normal x="0.160649" y="-0.669576" z="-0.725120"/>
                <texcoord u="0.809850" v="0.957524"/>
            </vertex>
            <vertex>
                <position x="-0.216424" y="0.007618" z="-0.155466"/>
                <normal x="-0.394360" y="0.032197" z="-0.918363"/>
                <texcoord u="0.544500" v="0.742766"/>
            </vertex>
            <vertex>
                <position x="-0.208186" y="0.059633" z="-0.155466"/>
                <normal x="-0.385205" y="0.091250" z="-0.918271"/>
                <texcoord u="0.552323" v="0.693377"/>
            </vertex>
            <vertex>
                <position x="-0.048005" y="0.007603" z="-0.155466"/>
                <normal x="0.000000" y="0.000000" z="-0.999969"/>
                <texcoord u="0.704418" v="0.742781"/>
            </vertex>
            <vertex>
                <position x="0.059633" y="-0.208186" z="-0.155466"/>
                <normal x="0.091250" y="-0.385022" z="-0.918363"/>
                <texcoord u="0.806623" v="0.947677"/>
            </vertex>
            <vertex>
                <position x="0.007618" y="-0.216424" z="-0.155466"/>
                <normal x="0.032228" y="-0.394543" z="-0.918271"/>
                <texcoord u="0.757234" v="0.955500"/>
            </vertex>
            <vertex>
                <position x="0.007603" y="-0.048005" z="-0.155466"/>
                <normal x="0.000000" y="0.000000" z="-1.000000"/>
                <texcoord u="0.757219" v="0.795582"/>
            </vertex>
            <vertex>
                <position x="-0.218557" y="0.063027" z="-0.144724"/>
                <normal x="-0.899625" y="0.216865" z="-0.378979"/>
                <texcoord u="0.542476" v="0.690151"/>
            </vertex>
            <vertex>
                <position x="-0.218556" y="0.063035" z="-0.139504"/>
                <normal x="-0.669424" y="0.160741" z="-0.725242"/>
                <texcoord u="0.542476" v="0.690151"/>
            </vertex>
            <vertex>
                <position x="-0.213863" y="0.077474" z="-0.139504"/>
                <normal x="-0.636128" y="0.263558" z="-0.725150"/>
                <texcoord u="0.546931" v="0.676440"/>
            </vertex>
            <vertex>
                <position x="0.007595" y="-0.227336" z="-0.144724"/>
                <normal x="0.071688" y="-0.922636" z="-0.378918"/>
                <texcoord u="0.757209" v="0.965861"/>
            </vertex>
            <vertex>
                <position x="-0.227337" y="0.007588" z="-0.144736"/>
                <normal x="-0.922513" y="0.071413" z="-0.379254"/>
                <texcoord u="0.534139" v="0.742792"/>
            </vertex>
            <vertex>
                <position x="-0.208186" y="-0.059633" z="-0.155466"/>
                <normal x="-0.385022" y="-0.091250" z="-0.918363"/>
                <texcoord u="0.552323" v="0.806623"/>
            </vertex>
            <vertex>
                <position x="-0.216424" y="-0.007618" z="-0.155466"/>
                <normal x="-0.394543" y="-0.032228" z="-0.918271"/>
                <texcoord u="0.544500" v="0.757234"/>
            </vertex>
            <vertex>
                <position x="-0.048005" y="-0.007603" z="-0.155466"/>
                <normal x="0.000000" y="0.000000" z="-1.000000"/>
                <texcoord u="0.704418" v="0.757219"/>
            </vertex>
            <vertex>
                <position x="-0.007618" y="-0.216424" z="-0.155466"/>
                <normal x="-0.032197" y="-0.394360" z="-0.918363"/>
                <texcoord u="0.742766" v="0.955500"/>
            </vertex>
            <vertex>
                <position x="-0.059633" y="-0.208186" z="-0.155466"/>
                <normal x="-0.091250" y="-0.385205" z="-0.918271"/>
                <texcoord u="0.693377" v="0.947677"/>
            </vertex>
            <vertex>
                <position x="-0.007603" y="-0.048005" z="-0.155466"/>
                <normal x="0.000000" y="0.000000" z="-1.000000"/>
                <texcoord u="0.742781" v="0.795582"/>
            </vertex>
            <vertex>
                <position x="0.007588" y="-0.227337" z="-0.139504"/>
                <normal x="0.053987" y="-0.686392" z="-0.725211"/>
                <texcoord u="0.757209" v="0.965861"/>
            </vertex>
            <vertex>
                <position x="-0.007588" y="-0.227337" z="-0.144736"/>
                <normal x="-0.071383" y="-0.922483" z="-0.379315"/>
                <texcoord u="0.742792" v="0.965861"/>
            </vertex>
            <vertex>
                <position x="-0.007595" y="-0.227337" z="-0.139504"/>
                <normal x="-0.054048" y="-0.686361" z="-0.725211"/>
                <texcoord u="0.742792" v="0.965861"/>
            </vertex>
            <vertex>
                <position x="-0.227336" y="-0.007595" z="-0.144724"/>
                <normal x="-0.922636" y="-0.071688" z="-0.378918"/>
                <texcoord u="0.534139" v="0.757208"/>
            </vertex>
            <vertex>
                <position x="-0.179569" y="-0.121047" z="-0.155466"/>
                <normal x="-0.337962" y="-0.205756" z="-0.918363"/>
                <texcoord u="0.579495" v="0.864937"/>
            </vertex>
            <vertex>
                <position x="-0.203477" y="-0.074124" z="-0.155466"/>
                <normal x="-0.365276" y="-0.152593" z="-0.918302"/>
                <texcoord u="0.556794" v="0.820383"/>
            </vertex>
            <vertex>
                <position x="-0.043306" y="-0.022065" z="-0.155466"/>
                <normal x="0.000000" y="0.000000" z="-1.000000"/>
                <texcoord u="0.708880" v="0.770952"/>
            </vertex>
            <vertex>
                <position x="-0.074124" y="-0.203477" z="-0.155466"/>
                <normal x="-0.152470" y="-0.365093" z="-0.918363"/>
                <texcoord u="0.679617" v="0.943206"/>
            </vertex>
            <vertex>
                <position x="-0.121047" y="-0.179569" z="-0.155466"/>
                <normal x="-0.205817" y="-0.338145" z="-0.918271"/>
                <texcoord u="0.635063" v="0.920505"/>
            </vertex>
            <vertex>
                <position x="-0.022065" y="-0.043306" z="-0.155466"/>
                <normal x="0.000000" y="0.000000" z="-0.999969"/>
                <texcoord u="0.729048" v="0.791120"/>
            </vertex>
            <vertex>
                <position x="-0.227337" y="-0.007588" z="-0.139504"/>
                <normal x="-0.686392" y="-0.053957" z="-0.725211"/>
                <texcoord u="0.534139" v="0.757208"/>
            </vertex>
            <vertex>
                <position x="-0.227336" y="0.007595" z="-0.139504"/>
                <normal x="-0.686422" y="0.054079" z="-0.725150"/>
                <texcoord u="0.534139" v="0.742792"/>
            </vertex>
            <vertex>
                <position x="-0.133374" y="-0.170613" z="-0.155466"/>
                <normal x="-0.257851" y="-0.300119" z="-0.918363"/>
                <texcoord u="0.623358" v="0.912001"/>
            </vertex>
            <vertex>
                <position x="-0.170613" y="-0.133374" z="-0.155466"/>
                <normal x="-0.300241" y="-0.258003" z="-0.918271"/>
                <texcoord u="0.587999" v="0.876642"/>
            </vertex>
            <vertex>
                <position x="-0.034367" y="-0.034367" z="-0.155466"/>
                <normal x="0.000000" y="0.000000" z="-1.000000"/>
                <texcoord u="0.717367" v="0.782632"/>
            </vertex>
            <vertex>
                <position x="-0.063027" y="-0.218557" z="-0.144724"/>
                <normal x="-0.216865" y="-0.899594" z="-0.378979"/>
                <texcoord u="0.690151" v="0.957525"/>
            </vertex>
            <vertex>
                <position x="-0.218555" y="-0.063035" z="-0.144736"/>
                <normal x="-0.899411" y="-0.217139" z="-0.379284"/>
                <texcoord u="0.542476" v="0.809850"/>
            </vertex>
            <vertex>
                <position x="-0.063035" y="-0.218556" z="-0.139504"/>
                <normal x="-0.160741" y="-0.669424" z="-0.725242"/>
                <texcoord u="0.690151" v="0.957525"/>
            </vertex>
            <vertex>
                <position x="-0.077468" y="-0.213866" z="-0.144736"/>
                <normal x="-0.353008" y="-0.855281" z="-0.379254"/>
                <texcoord u="0.676440" v="0.953069"/>
            </vertex>
            <vertex>
                <position x="-0.077474" y="-0.213863" z="-0.139504"/>
                <normal x="-0.263558" y="-0.636128" z="-0.725150"/>
                <texcoord u="0.676440" v="0.953069"/>
            </vertex>
            <vertex>
                <position x="-0.213862" y="-0.077474" z="-0.144724"/>
                <normal x="-0.855251" y="-0.353313" z="-0.379009"/>
                <texcoord u="0.546931" v="0.823561"/>
            </vertex>
            <vertex>
                <position x="-0.213866" y="-0.077468" z="-0.139504"/>
                <normal x="-0.636036" y="-0.263436" z="-0.725272"/>
                <texcoord u="0.546931" v="0.823561"/>
            </vertex>
            <vertex>
                <position x="-0.218557" y="-0.063027" z="-0.139504"/>
                <normal x="-0.669515" y="-0.160649" z="-0.725181"/>
                <texcoord u="0.542476" v="0.809850"/>
            </vertex>
            <vertex>
                <position x="-0.127480" y="-0.188383" z="-0.144724"/>
                <normal x="-0.484237" y="-0.788568" z="-0.378979"/>
                <texcoord u="0.628951" v="0.928873"/>
            </vertex>
            <vertex>
                <position x="-0.188380" y="-0.127487" z="-0.144736"/>
                <normal x="-0.788324" y="-0.484451" z="-0.379192"/>
                <texcoord u="0.571127" v="0.871049"/>
            </vertex>
            <vertex>
                <position x="-0.127487" y="-0.188380" z="-0.139504"/>
                <normal x="-0.359722" y="-0.586993" z="-0.725242"/>
                <texcoord u="0.628951" v="0.928873"/>
            </vertex>
            <vertex>
                <position x="-0.139765" y="-0.179460" z="-0.144736"/>
                <normal x="-0.600024" y="-0.704367" z="-0.379192"/>
                <texcoord u="0.617288" v="0.920399"/>
            </vertex>
            <vertex>
                <position x="-0.139770" y="-0.179454" z="-0.139504"/>
                <normal x="-0.447279" y="-0.523576" z="-0.725089"/>
                <texcoord u="0.617288" v="0.920399"/>
            </vertex>
            <vertex>
                <position x="-0.179454" y="-0.139770" z="-0.144724"/>
                <normal x="-0.704245" y="-0.600330" z="-0.378948"/>
                <texcoord u="0.579602" v="0.882712"/>
            </vertex>
            <vertex>
                <position x="-0.179459" y="-0.139765" z="-0.139504"/>
                <normal x="-0.523545" y="-0.447127" z="-0.725211"/>
                <texcoord u="0.579602" v="0.882712"/>
            </vertex>
            <vertex>
                <position x="-0.188383" y="-0.127480" z="-0.139504"/>
                <normal x="-0.587176" y="-0.359722" z="-0.725089"/>
                <texcoord u="0.571127" v="0.871049"/>
            </vertex>
            <vertex>
                <position x="-0.504845" y="-0.504845" z="-0.122928"/>
                <normal x="-0.247017" y="-0.247017" z="-0.936979"/>
                <texcoord u="0.499918" v="0.499919"/>
            </vertex>
            <vertex>
                <position x="-0.446961" y="-0.446961" z="-0.139504"/>
                <normal x="-0.104892" y="-0.104892" z="-0.988922"/>
                <texcoord u="0.528664" v="0.471336"/>
            </vertex>
            <vertex>
                <position x="-0.531418" y="-0.531418" z="-0.106348"/>
                <normal x="0.516251" y="0.516251" z="-0.683340"/>
                <texcoord u="0.519791" v="0.980208"/>
            </vertex>
            <vertex>
                <position x="-0.504845" y="-0.504845" z="-0.122928"/>
                <normal x="-0.247017" y="-0.247017" z="-0.936979"/>
                <texcoord u="0.531304" v="0.968697"/>
            </vertex>
            <vertex>
                <position x="-0.531418" y="-0.531418" z="-0.137569"/>
                <normal x="0.301492" y="0.301492" z="-0.904508"/>
                <texcoord u="0.519791" v="0.980208"/>
            </vertex>
            <vertex>
                <position x="-0.577106" y="-0.577106" z="-0.137569"/>
                <normal x="-0.100772" y="-0.100772" z="-0.989776"/>
                <texcoord u="0.500000" v="1.000000"/>
            </vertex>
            <vertex>
                <position x="-1.000280" y="-1.000280" z="-0.021363"/>
                <normal x="-0.602466" y="-0.602466" z="-0.523484"/>
                <texcoord u="0.500000" v="0.000128"/>
            </vertex>
            <vertex>
                <position x="-0.577106" y="-0.577106" z="-0.137569"/>
                <normal x="-0.100772" y="-0.100772" z="-0.989776"/>
                <texcoord u="0.392834" v="0.107357"/>
            </vertex>
            <vertex>
                <position x="-1.000280" y="-1.000280" z="-0.021363"/>
                <normal x="-0.602466" y="-0.602466" z="-0.523484"/>
                <texcoord u="0.250000" v="0.107439"/>
            </vertex>
            <vertex>
                <position x="-1.000280" y="-1.000280" z="0.021363"/>
                <normal x="-0.577349" y="-0.577349" z="0.577349"/>
                <texcoord u="0.250000" v="0.116150"/>
            </vertex>
            <vertex>
                <position x="-1.000280" y="1.000280" z="-0.021363"/>
                <normal x="-0.602466" y="0.602466" z="-0.523484"/>
                <texcoord u="0.392481" v="0.107439"/>
            </vertex>
            <vertex>
                <position x="-1.000280" y="1.000280" z="0.021363"/>
                <normal x="-0.577349" y="0.577349" z="0.577349"/>
                <texcoord u="0.392491" v="0.116150"/>
            </vertex>
            <vertex>
                <position x="-1.000280" y="-1.000280" z="-0.021363"/>
                <normal x="-0.602466" y="-0.602466" z="-0.523484"/>
                <texcoord u="0.250000" v="0.389887"/>
            </vertex>
            <vertex>
                <position x="1.000280" y="-1.000280" z="-0.021363"/>
                <normal x="0.602466" y="-0.602466" z="-0.523484"/>
                <texcoord u="0.392500" v="0.389886"/>
            </vertex>
            <vertex>
                <position x="-1.000280" y="-1.000280" z="0.021363"/>
                <normal x="-0.577349" y="-0.577349" z="0.577349"/>
                <texcoord u="0.250000" v="0.381150"/>
            </vertex>
            <vertex>
                <position x="1.000280" y="-1.000280" z="0.021363"/>
                <normal x="0.577349" y="-0.577349" z="0.577349"/>
                <texcoord u="0.392491" v="0.381150"/>
            </vertex>
            <vertex>
                <position x="-0.007595" y="-0.227337" z="-0.139504"/>
                <normal x="-0.054048" y="-0.686361" z="-0.725211"/>
                <texcoord u="0.746239" v="0.362577"/>
            </vertex>
            <vertex>
                <position x="-0.063027" y="0.218557" z="-0.139504"/>
                <normal x="-0.160649" y="0.669515" z="-0.725181"/>
                <texcoord u="0.718789" v="0.141770"/>
            </vertex>
            <vertex>
                <position x="-0.063035" y="-0.218556" z="-0.139504"/>
                <normal x="-0.160741" y="-0.669424" z="-0.725242"/>
                <texcoord u="0.718786" v="0.358229"/>
            </vertex>
            <vertex>
                <position x="-0.077468" y="0.213866" z="-0.139504"/>
                <normal x="-0.263436" y="0.636036" z="-0.725272"/>
                <texcoord u="0.711637" v="0.144093"/>
            </vertex>
            <vertex>
                <position x="-0.077474" y="-0.213863" z="-0.139504"/>
                <normal x="-0.263558" y="-0.636128" z="-0.725150"/>
                <texcoord u="0.711635" v="0.355905"/>
            </vertex>
            <vertex>
                <position x="-0.127480" y="0.188383" z="-0.139504"/>
                <normal x="-0.359722" y="0.587176" z="-0.725089"/>
                <texcoord u="0.686872" v="0.156712"/>
            </vertex>
            <vertex>
                <position x="-0.127487" y="-0.188380" z="-0.139504"/>
                <normal x="-0.359722" y="-0.586993" z="-0.725242"/>
                <texcoord u="0.686868" v="0.343287"/>
            </vertex>
            <vertex>
                <position x="-0.139765" y="0.179459" z="-0.139504"/>
                <normal x="-0.447127" y="0.523545" z="-0.725211"/>
                <texcoord u="0.680789" v="0.161132"/>
            </vertex>
            <vertex>
                <position x="-0.139770" y="-0.179454" z="-0.139504"/>
                <normal x="-0.447279" y="-0.523576" z="-0.725089"/>
                <texcoord u="0.680786" v="0.338866"/>
            </vertex>
            <vertex>
                <position x="-0.179454" y="0.139770" z="-0.139504"/>
                <normal x="-0.523545" y="0.447249" z="-0.725120"/>
                <texcoord u="0.661134" v="0.180786"/>
            </vertex>
            <vertex>
                <position x="-0.179459" y="-0.139765" z="-0.139504"/>
                <normal x="-0.523545" y="-0.447127" z="-0.725211"/>
                <texcoord u="0.661132" v="0.319211"/>
            </vertex>
            <vertex>
                <position x="-0.188380" y="0.127487" z="-0.139504"/>
                <normal x="-0.586993" y="0.359722" z="-0.725242"/>
                <texcoord u="0.656714" v="0.186868"/>
            </vertex>
            <vertex>
                <position x="-0.188383" y="-0.127480" z="-0.139504"/>
                <normal x="-0.587176" y="-0.359722" z="-0.725089"/>
                <texcoord u="0.656712" v="0.313128"/>
            </vertex>
            <vertex>
                <position x="-0.213863" y="0.077474" z="-0.139504"/>
                <normal x="-0.636128" y="0.263558" z="-0.725150"/>
                <texcoord u="0.644095" v="0.211635"/>
            </vertex>
            <vertex>
                <position x="-0.213866" y="-0.077468" z="-0.139504"/>
                <normal x="-0.636036" y="-0.263436" z="-0.725272"/>
                <texcoord u="0.644094" v="0.288362"/>
            </vertex>
            <vertex>
                <position x="-0.218556" y="0.063035" z="-0.139504"/>
                <normal x="-0.669424" y="0.160741" z="-0.725242"/>
                <texcoord u="0.641771" v="0.218785"/>
            </vertex>
            <vertex>
                <position x="-0.227336" y="0.007595" z="-0.139504"/>
                <normal x="-0.686422" y="0.054079" z="-0.725150"/>
                <texcoord u="0.637423" v="0.246239"/>
            </vertex>
            <vertex>
                <position x="-0.227337" y="-0.007588" z="-0.139504"/>
                <normal x="-0.686392" y="-0.053957" z="-0.725211"/>
                <texcoord u="0.637422" v="0.253757"/>
            </vertex>
            <vertex>
                <position x="-0.218557" y="-0.063027" z="-0.139504"/>
                <normal x="-0.669515" y="-0.160649" z="-0.725181"/>
                <texcoord u="0.641770" v="0.281211"/>
            </vertex>

                </vertexbuffer>
            </geometry>
        </submesh>
    </submeshes>
    <submeshnames>
        <submeshname name="submesh0" index="0"/>
    </submeshnames>
</mesh>